[{"__type__":"cc.SpriteFrame","content":{"name":"egg1","texture":"2ay/SRNYNP+JGGNitjgktO","rect":[1,1,170,223],"offset":[0,0],"originalSize":[172,225],"capInsets":[0,0,0,0]}},{"__type__":"cc.SpriteFrame","content":{"name":"default_btn_disabled","texture":"71VhFCTINJM6/Ky3oX9nBT","rect":[0,0,40,40],"offset":[0,0],"originalSize":[40,40],"capInsets":[12,12,12,12]}},[{"__type__":"cc.Prefab","_name":"egg","data":{"__id__":1}},{"__type__":"cc.Node","_name":"egg","_components":[{"__type__":"cc.Sprite","node":{"__id__":1},"_materials":[{"__uuid__":"ecpdLyjvZBwrvm+cedCcQy"}],"_spriteFrame":{"__uuid__":"01RayHm9JB55kuAUFH6ECL"}},{"__type__":"cc.PolygonCollider","node":{"__id__":1},"points":[{"__type__":"cc.Vec2","x":-7,"y":111.5},{"__type__":"cc.Vec2","x":-25,"y":105.5},{"__type__":"cc.Vec2","x":-27,"y":102.5},{"__type__":"cc.Vec2","x":-31,"y":101.5},{"__type__":"cc.Vec2","x":-34,"y":97.5},{"__type__":"cc.Vec2","x":-36,"y":97.5},{"__type__":"cc.Vec2","x":-49,"y":84.5},{"__type__":"cc.Vec2","x":-49,"y":82.5},{"__type__":"cc.Vec2","x":-52,"y":80.5},{"__type__":"cc.Vec2","x":-54,"y":75.5},{"__type__":"cc.Vec2","x":-57,"y":73.5},{"__type__":"cc.Vec2","x":-59,"y":67.5},{"__type__":"cc.Vec2","x":-61,"y":66.5},{"__type__":"cc.Vec2","x":-65,"y":58.5},{"__type__":"cc.Vec2","x":-65,"y":55.5},{"__type__":"cc.Vec2","x":-69,"y":49.5},{"__type__":"cc.Vec2","x":-71,"y":40.5},{"__type__":"cc.Vec2","x":-74,"y":36.5},{"__type__":"cc.Vec2","x":-83,"y":1.5},{"__type__":"cc.Vec2","x":-85,"y":-13.5},{"__type__":"cc.Vec2","x":-85,"y":-37.5},{"__type__":"cc.Vec2","x":-82,"y":-53.5},{"__type__":"cc.Vec2","x":-73,"y":-74.5},{"__type__":"cc.Vec2","x":-68,"y":-79.5},{"__type__":"cc.Vec2","x":-68,"y":-81.5},{"__type__":"cc.Vec2","x":-63,"y":-85.5},{"__type__":"cc.Vec2","x":-63,"y":-87.5},{"__type__":"cc.Vec2","x":-60,"y":-88.5},{"__type__":"cc.Vec2","x":-53,"y":-96.5},{"__type__":"cc.Vec2","x":-32,"y":-107.5},{"__type__":"cc.Vec2","x":-15,"y":-111.5},{"__type__":"cc.Vec2","x":21,"y":-110.5},{"__type__":"cc.Vec2","x":40,"y":-104.5},{"__type__":"cc.Vec2","x":41,"y":-102.5},{"__type__":"cc.Vec2","x":47,"y":-100.5},{"__type__":"cc.Vec2","x":49,"y":-97.5},{"__type__":"cc.Vec2","x":54,"y":-95.5},{"__type__":"cc.Vec2","x":58,"y":-90.5},{"__type__":"cc.Vec2","x":60,"y":-90.5},{"__type__":"cc.Vec2","x":65,"y":-85.5},{"__type__":"cc.Vec2","x":65,"y":-83.5},{"__type__":"cc.Vec2","x":73,"y":-74.5},{"__type__":"cc.Vec2","x":79,"y":-62.5},{"__type__":"cc.Vec2","x":85,"y":-37.5},{"__type__":"cc.Vec2","x":85,"y":-13.5},{"__type__":"cc.Vec2","x":80,"y":15.5},{"__type__":"cc.Vec2","x":76,"y":29.5},{"__type__":"cc.Vec2","x":74,"y":31.5},{"__type__":"cc.Vec2","x":73,"y":39.5},{"__type__":"cc.Vec2","x":70,"y":43.5},{"__type__":"cc.Vec2","x":68,"y":51.5},{"__type__":"cc.Vec2","x":59,"y":69.5},{"__type__":"cc.Vec2","x":57,"y":70.5},{"__type__":"cc.Vec2","x":53,"y":78.5},{"__type__":"cc.Vec2","x":49,"y":81.5},{"__type__":"cc.Vec2","x":49,"y":83.5},{"__type__":"cc.Vec2","x":44,"y":87.5},{"__type__":"cc.Vec2","x":44,"y":89.5},{"__type__":"cc.Vec2","x":28,"y":102.5},{"__type__":"cc.Vec2","x":13,"y":109.5},{"__type__":"cc.Vec2","x":4,"y":111.5}]},{"__type__":"2ce90gohTBIuL/vOKKDDAnd","node":{"__id__":1}}],"_prefab":{"__type__":"cc.PrefabInfo","root":{"__id__":1},"asset":{"__uuid__":"2aFEfNcBREIY56l4y/6Npv"},"fileId":"60LnDsLI5E9KMzjQyHTcDI"},"_contentSize":{"__type__":"cc.Size","width":170,"height":223},"_trs":{"__type__":"TypedArray","ctor":"Float64Array","array":[18.644,-40.135,0,0,0,0,1,0.2,0.2,1]},"_groupIndex":2,"groupIndex":2}],[{"__type__":"cc.SceneAsset","_name":"action_phase","scene":{"__id__":1},"asyncLoadAssets":null},{"__type__":"cc.Scene","_name":"New Node","_children":[{"__id__":2}],"_active":false,"_anchorPoint":{"__type__":"cc.Vec2"},"_trs":{"__type__":"TypedArray","ctor":"Float64Array","array":[0,0,0,0,0,0,1,1,1,1]},"autoReleaseAssets":false},{"__type__":"cc.Node","_name":"Canvas","_parent":{"__id__":1},"_children":[{"__id__":3},{"__id__":4},{"__id__":9}],"_components":[{"__type__":"cc.Canvas","node":{"__id__":2}},{"__type__":"3b6f7g0QO5D+4DIJ/VlwMxi","node":{"__id__":2}},{"__type__":"4945bea3+9MBrl+vQAhO6mP","node":{"__id__":2}}],"_color":{"__type__":"cc.Color","r":252,"g":252,"b":252},"_contentSize":{"__type__":"cc.Size","width":960,"height":640},"_trs":{"__type__":"TypedArray","ctor":"Float64Array","array":[480,320,0,0,0,0,1,1,1,1]},"_id":"a286bbGknJLZpRpxROV6M94"},{"__type__":"cc.Node","_name":"Main Camera","_parent":{"__id__":2},"_components":[{"__type__":"cc.Camera","node":{"__id__":3},"_clearFlags":7,"_depth":-1}],"_trs":{"__type__":"TypedArray","ctor":"Float64Array","array":[0,0,505.7588358101122,0,0,0,1,1,1,1]}},{"__type__":"cc.Node","_name":"action_phase","_parent":{"__id__":2},"_children":[{"__id__":5},{"__id__":6},{"__id__":7},{"__id__":8}],"_components":[{"__type__":"cc.Sprite","node":{"__id__":4},"_materials":[{"__uuid__":"ecpdLyjvZBwrvm+cedCcQy"}],"_spriteFrame":{"__uuid__":"9bvaMerUlDyary99mJa6xp"},"_type":1,"_sizeMode":0},{"__type__":"cc.Layout","node":{"__id__":4},"_layoutSize":{"__type__":"cc.Size","width":960,"height":640}},{"__type__":"b91d6AObu9FH4j75zZrvdMe","node":{"__id__":4},"eggPrefab":{"__uuid__":"2aFEfNcBREIY56l4y/6Npv"},"mcPrefab":{"__uuid__":"8fmWgATmBPzY2FKPCtcLGJ"},"botPrefab":{"__uuid__":"2fGvxd+4xPe4tp7PCuhryV"},"scoreTxt":{"__uuid__":"b2k3Vp1yhHyaZ+zPIINu5b"},"timeLimit":10}],"_contentSize":{"__type__":"cc.Size","width":960,"height":640},"_trs":{"__type__":"TypedArray","ctor":"Float64Array","array":[0,0,0,0,0,0,1,1,1,1]}},{"__type__":"cc.Node","_name":"boxEdge","_parent":{"__id__":4},"_components":[{"__type__":"cc.Sprite","node":{"__id__":5},"_materials":[{"__uuid__":"ecpdLyjvZBwrvm+cedCcQy"}],"_spriteFrame":{"__uuid__":"9bvaMerUlDyary99mJa6xp"},"_type":1,"_sizeMode":0},{"__type__":"cc.Layout","node":{"__id__":5},"_layoutSize":{"__type__":"cc.Size","width":674,"height":637}}],"_opacity":0,"_contentSize":{"__type__":"cc.Size","width":674,"height":637},"_trs":{"__type__":"TypedArray","ctor":"Float64Array","array":[0,0,0,0,0,0,1,1,1,1]}},{"__type__":"cc.Node","_name":"background","_parent":{"__id__":4},"_components":[{"__type__":"cc.Widget","node":{"__id__":6},"alignMode":0,"_alignFlags":45,"_originalWidth":200,"_originalHeight":150},{"__type__":"cc.Sprite","node":{"__id__":6},"_materials":[{"__uuid__":"ecpdLyjvZBwrvm+cedCcQy"}],"_dstBlendFactor":775,"_spriteFrame":{"__uuid__":"c6wvnN5PVKH6HbJCQqw8Ib"},"_sizeMode":0,"_isTrimmedMode":false}],"_contentSize":{"__type__":"cc.Size","width":960,"height":640},"_trs":{"__type__":"TypedArray","ctor":"Float64Array","array":[0,0,0,0,0,0,1,1,1,1]}},{"__type__":"cc.Node","_name":"scoreBar","_parent":{"__id__":4},"_components":[{"__type__":"cc.Sprite","node":{"__id__":7},"_materials":[{"__uuid__":"ecpdLyjvZBwrvm+cedCcQy"}],"_spriteFrame":{"__uuid__":"9bvaMerUlDyary99mJa6xp"},"_type":1,"_sizeMode":0},{"__type__":"cc.Layout","node":{"__id__":7},"_layoutSize":{"__type__":"cc.Size","width":132,"height":50.4},"_resize":1,"_N$layoutType":2}],"_opacity":150,"_color":{"__type__":"cc.Color","r":33,"g":40,"b":207},"_contentSize":{"__type__":"cc.Size","width":132,"height":50.4},"_trs":{"__type__":"TypedArray","ctor":"Float64Array","array":[413.954,33.426,0,0,0,0,1,1,1,1]}},{"__type__":"cc.Node","_name":"timeRemaining","_parent":{"__id__":4},"_components":[{"__type__":"cc.Label","node":{"__id__":8},"_materials":[{"__uuid__":"ecpdLyjvZBwrvm+cedCcQy"}],"_useOriginalSize":false,"_string":"0","_N$string":"0","_N$horizontalAlign":1,"_N$verticalAlign":1}],"_contentSize":{"__type__":"cc.Size","width":22.25,"height":50.4},"_trs":{"__type__":"TypedArray","ctor":"Float64Array","array":[-410.9,293.2,0,0,0,0,1,1,1,1]}},{"__type__":"cc.Node","_name":"result_screen","_parent":{"__id__":2},"_children":[{"__id__":10},{"__id__":11}],"_components":[{"__type__":"cc.Sprite","node":{"__id__":9},"_materials":[{"__uuid__":"ecpdLyjvZBwrvm+cedCcQy"}],"_spriteFrame":{"__uuid__":"9bvaMerUlDyary99mJa6xp"},"_type":1,"_sizeMode":0},{"__type__":"cc.Layout","node":{"__id__":9},"_layoutSize":{"__type__":"cc.Size","width":960,"height":640}},{"__type__":"bc520c43EpNQbKw7vPIgSym","node":{"__id__":9},"label":{"__id__":13}}],"_contentSize":{"__type__":"cc.Size","width":960,"height":640},"_trs":{"__type__":"TypedArray","ctor":"Float64Array","array":[0,0,0,0,0,0,1,1,1,1]}},{"__type__":"cc.Node","_name":"winBG","_parent":{"__id__":9},"_components":[{"__type__":"cc.Sprite","node":{"__id__":10},"_materials":[{"__uuid__":"ecpdLyjvZBwrvm+cedCcQy"}],"_spriteFrame":{"__uuid__":"4bHk3a125LN66piABQKgZJ"}}],"_contentSize":{"__type__":"cc.Size","width":960,"height":640},"_trs":{"__type__":"TypedArray","ctor":"Float64Array","array":[0,0,0,0,0,0,1,1,1,1]}},{"__type__":"cc.Node","_name":"content","_parent":{"__id__":9},"_children":[{"__id__":12},{"__id__":14}],"_components":[{"__type__":"cc.Sprite","node":{"__id__":11},"_materials":[{"__uuid__":"ecpdLyjvZBwrvm+cedCcQy"}],"_spriteFrame":{"__uuid__":"9bvaMerUlDyary99mJa6xp"},"_type":1,"_sizeMode":0},{"__type__":"cc.Layout","node":{"__id__":11},"_layoutSize":{"__type__":"cc.Size","width":600,"height":83},"_resize":1,"_N$layoutType":2}],"_color":{"__type__":"cc.Color","r":230,"g":100,"b":100},"_contentSize":{"__type__":"cc.Size","width":600,"height":83},"_trs":{"__type__":"TypedArray","ctor":"Float64Array","array":[0,0,0,0,0,0,1,1,1,1]}},{"__type__":"cc.Node","_name":"result_txt","_parent":{"__id__":11},"_components":[{"__id__":13}],"_contentSize":{"__type__":"cc.Size","width":73.4,"height":37.8},"_trs":{"__type__":"TypedArray","ctor":"Float64Array","array":[0,22.6,0,0,0,0,1,1,1,1]}},{"__type__":"cc.Label","node":{"__id__":12},"_materials":[{"__uuid__":"ecpdLyjvZBwrvm+cedCcQy"}],"_useOriginalSize":false,"_string":"Label","_N$string":"Label","_fontSize":30,"_lineHeight":30,"_N$horizontalAlign":1,"_N$verticalAlign":1},{"__type__":"cc.Node","_name":"play_again_btn","_parent":{"__id__":11},"_children":[{"__id__":15}],"_components":[{"__type__":"cc.Button","node":{"__id__":14},"clickEvents":[{"__type__":"cc.ClickEvent","target":{"__id__":9},"_componentId":"bc520c43EpNQbKw7vPIgSym","handler":"playAgainButtonClicked"}],"_N$transition":2,"transition":2,"_N$normalColor":{"__type__":"cc.Color","r":230,"g":230,"b":230},"_N$pressedColor":{"__type__":"cc.Color","r":200,"g":200,"b":200},"pressedColor":{"__type__":"cc.Color","r":200,"g":200,"b":200},"_N$disabledColor":{"__type__":"cc.Color","r":120,"g":120,"b":120,"a":200},"_N$normalSprite":{"__uuid__":"f0BIwQ8D5Ml7nTNQbh1YlS"},"_N$pressedSprite":{"__uuid__":"e97GVMl6JHh5Ml5qEDdSGa"},"pressedSprite":{"__uuid__":"e97GVMl6JHh5Ml5qEDdSGa"},"_N$hoverSprite":{"__uuid__":"f0BIwQ8D5Ml7nTNQbh1YlS"},"hoverSprite":{"__uuid__":"f0BIwQ8D5Ml7nTNQbh1YlS"},"_N$disabledSprite":{"__uuid__":"29FYIk+N1GYaeWH/q1NxQO"},"_N$target":{"__id__":15}}],"_contentSize":{"__type__":"cc.Size","width":100,"height":45.2},"_trs":{"__type__":"TypedArray","ctor":"Float64Array","array":[0,-18.9,0,0,0,0,1,1,1,1]}},{"__type__":"cc.Node","_name":"Background","_parent":{"__id__":14},"_children":[{"__id__":16}],"_components":[{"__type__":"cc.Sprite","node":{"__id__":15},"_materials":[{"__uuid__":"ecpdLyjvZBwrvm+cedCcQy"}],"_spriteFrame":{"__uuid__":"f0BIwQ8D5Ml7nTNQbh1YlS"},"_type":1,"_sizeMode":0},{"__type__":"cc.Widget","node":{"__id__":15},"alignMode":0,"_alignFlags":45,"_originalWidth":100,"_originalHeight":40}],"_contentSize":{"__type__":"cc.Size","width":100,"height":45.2},"_trs":{"__type__":"TypedArray","ctor":"Float64Array","array":[0,0,0,0,0,0,1,1,1,1]}},{"__type__":"cc.Node","_name":"Label","_parent":{"__id__":15},"_components":[{"__type__":"cc.Label","node":{"__id__":16},"_materials":[{"__uuid__":"ecpdLyjvZBwrvm+cedCcQy"}],"_useOriginalSize":false,"_string":"Play again","_N$string":"Play again","_fontSize":20,"_enableWrapText":false,"_N$horizontalAlign":1,"_N$verticalAlign":1,"_N$overflow":1}],"_color":{"__type__":"cc.Color"},"_contentSize":{"__type__":"cc.Size","width":100,"height":40},"_trs":{"__type__":"TypedArray","ctor":"Float64Array","array":[0,0,0,0,0,0,1,1,1,1]}}],[{"__type__":"cc.Prefab","_name":"bot","data":{"__id__":1}},{"__type__":"cc.Node","_name":"bot","_components":[{"__type__":"cc.Sprite","node":{"__id__":1},"_materials":[{"__uuid__":"ecpdLyjvZBwrvm+cedCcQy"}],"_spriteFrame":{"__uuid__":"47XwpEJZtJn70G76HBW283"}},{"__type__":"cc.CircleCollider","node":{"__id__":1},"_radius":229.7},{"__type__":"a06ea/cFZ9FxqB4GNuPxSzc","node":{"__id__":1}},{"__type__":"1bb9aHIZdNFCoI4MNWTiOfj","node":{"__id__":1},"speed":100}],"_prefab":{"__type__":"cc.PrefabInfo","root":{"__id__":1},"asset":{"__uuid__":"2fGvxd+4xPe4tp7PCuhryV"},"fileId":"c5npRZl+BO5rujcj5iLTlH"},"_contentSize":{"__type__":"cc.Size","width":464,"height":464},"_trs":{"__type__":"TypedArray","ctor":"Float64Array","array":[-56.284,4.913,0,0,0,0,1,0.15,0.15,0.15]},"_groupIndex":3,"groupIndex":3}],{"__type__":"cc.SpriteFrame","content":{"name":"char2","texture":"8c6MbnvY5OT6SKXLBTThau","rect":[0,1,464,464],"offset":[-0.5,0],"originalSize":[465,466],"capInsets":[0,0,0,0]}},{"__type__":"cc.SpriteFrame","content":{"name":"winBG","texture":"24yiR9/75GJb23Gl5dAuBB","rect":[0,0,960,640],"offset":[0,0],"originalSize":[960,640],"capInsets":[0,0,0,0]}},[{"__type__":"cc.Prefab","_name":"mc","data":{"__id__":1}},{"__type__":"cc.Node","_name":"mc","_components":[{"__type__":"cc.Sprite","node":{"__id__":1},"_materials":[{"__uuid__":"ecpdLyjvZBwrvm+cedCcQy"}],"_spriteFrame":{"__uuid__":"cenKRnEbtC07fX+3Gs/P2w"}},{"__type__":"cc.CircleCollider","node":{"__id__":1},"_radius":229.7},{"__type__":"39075v/NX1AtpR5uvvZLeeT","node":{"__id__":1},"speed":300},{"__type__":"a06ea/cFZ9FxqB4GNuPxSzc","node":{"__id__":1}}],"_prefab":{"__type__":"cc.PrefabInfo","root":{"__id__":1},"asset":{"__uuid__":"8fmWgATmBPzY2FKPCtcLGJ"},"fileId":"a2ReVFrV5H9ZoYoOMzTQTt"},"_contentSize":{"__type__":"cc.Size","width":464,"height":464},"_trs":{"__type__":"TypedArray","ctor":"Float64Array","array":[-56.284,4.913,0,0,0,0,1,0.15,0.15,0.15]},"_groupIndex":1,"groupIndex":1}],{"__type__":"cc.SpriteFrame","content":{"name":"default_panel","texture":"d8HsitJHxOYqo801xBk8ev","rect":[0,0,20,20],"offset":[0,0],"originalSize":[20,20],"capInsets":[6,6,6,6]}},[{"__type__":"cc.Prefab","_name":"scoreTxt","data":{"__id__":1}},{"__type__":"cc.Node","_name":"score_txt","_components":[{"__type__":"cc.Label","node":{"__id__":1},"_materials":[{"__uuid__":"ecpdLyjvZBwrvm+cedCcQy"}],"_useOriginalSize":false,"_string":"0","_N$string":"0","_fontSize":20,"_lineHeight":20,"_N$horizontalAlign":1,"_N$verticalAlign":1}],"_prefab":{"__type__":"cc.PrefabInfo","root":{"__id__":1},"asset":{"__uuid__":"b2k3Vp1yhHyaZ+zPIINu5b"},"fileId":"e9sy+4aqFP6oYjLhVEAJzX"},"_contentSize":{"__type__":"cc.Size","width":11.12,"height":25.2},"_trs":{"__type__":"TypedArray","ctor":"Float64Array","array":[0,0,0,0,0,0,1,1,1,1]}}],{"__type__":"cc.SpriteFrame","content":{"name":"background","texture":"8bBbE4hXhMPZYtGD/IH3vs","rect":[0,0,960,640],"offset":[0,0],"originalSize":[960,640],"capInsets":[0,0,0,0]}},{"__type__":"cc.SpriteFrame","content":{"name":"char1","texture":"43dyCctqBF7Yx2u9CuzZbv","rect":[0,1,464,464],"offset":[-1,0],"originalSize":[466,466],"capInsets":[0,0,0,0]}},{"__type__":"cc.SpriteFrame","content":{"name":"default_btn_pressed","texture":"b4P/PCArtIdIH38t6mlw8Y","rect":[0,0,40,40],"offset":[0,0],"originalSize":[40,40],"capInsets":[12,12,12,12]}},{"__type__":"cc.SpriteFrame","content":{"name":"default_btn_normal","texture":"e8Ueib+qJEhL6mXAHdnwbi","rect":[0,0,40,40],"offset":[0,0],"originalSize":[40,40],"capInsets":[12,12,12,12]}}]